winner_name,dropped_name,W_mm,D_mm,H_mm,family,product_line,source,completeness
Planta Expo Kubic JB,Planta Expo Kubic JB,348,605,0,Modulos,Kubic,cad3.dwg,DEF
Planta sólo poste 30x30 990 prestatge de vidre,H 3000 990 SDT SZ 10º,1015,390,3000,Modulos,Visio,cad1.dwg,INS
Planta sólo poste 30x30 990 prestatge de vidre,H 3000 990 SDT SZ 12º,1019,520,0,Modulos,Visio,cad1.dwg,INS
Planta sólo poste 30x30 990 prestatge de vidre,H 3000 990 SDT SZ 14º,1017,390,0,Modulos,Visio,cad1.dwg,INS
Planta sólo poste 30x30 990 prestatge de vidre,H 3000 990 SDT SZ 20º,1024,390,3000,Modulos,Visio,cad1.dwg,INS
Planta sólo poste 30x30 990 prestatge de vidre,H 3000 990 SDT SZ 24º,1029,389,3000,Modulos,Visio,cad1.dwg,INS
Planta sólo poste 30x30 990 prestatge de vidre,H 3000 990 SDT SZ 30º,1036,389,3000,Modulos,Visio,cad1.dwg,INS
Planta sólo poste 30x30 990 prestatge de vidre,H 3000 990 SDT SZ 2º,1009,389,0,Modulos,Visio,cad1.dwg,INS
Planta sólo poste 30x30 990 prestatge de vidre,H 3000 990 SDT SZ 4º,1011,389,0,Modulos,Visio,cad1.dwg,INS
Planta sólo poste 30x30 990 prestatge de vidre,H 3000 990 SDT SZ 6º,1012,390,0,Modulos,Visio,cad1.dwg,INS
Planta sólo poste 30x30 990 prestatge de vidre,H 3000 990 SDT SZ 8º,1016,390,3000,Modulos,Visio,cad1.dwg,INS
Planta sólo poste 30x30 990 prestatge de vidre,Alzado sólo poste 990 6 prestatges vidre,1013,3325,0,Modulos,Visio,cad6.dwg,DEF
Planta sólo poste 30x30 800 prestatge de vidre,Alzado sólo poste 800 6 prestatges vidre,823,3325,0,Modulos,Visio,cad6.dwg,DEF
PM202305021054,PM202305021055,996,3267,0,Sin_clasificar,Generico,Todo_Mob.dwg,STD
PM202305021054,PM202306021213,996,3267,0,Sin_clasificar,Generico,Todo_Mob.dwg,STD
PM202305021054,PM202306021216,996,3267,0,Sin_clasificar,Generico,Todo_Mob.dwg,STD
PM202305021054,PM202307271232,996,3267,0,Sin_clasificar,Generico,Todo_Mob.dwg,STD
PM202305021054,PM202308110855,996,3267,0,Sin_clasificar,Generico,Todo_Mob.dwg,STD
PM202305021054,PM202308110856,996,3267,0,Sin_clasificar,Generico,Todo_Mob.dwg,STD
PM202305021054,PM202308110857,996,3267,0,Sin_clasificar,Generico,Todo_Mob.dwg,STD
PM202305021054,PM202308110858,996,3267,0,Sin_clasificar,Generico,Todo_Mob.dwg,STD
Visio Progresivo Ancho 990 Alto 3000mm con 6 est vidrio planta,PM202306021139,1026,751,0,Sin_clasificar,Generico,Todo_Mob.dwg,STD
Visio Progresivo Ancho 990 Alto 3000mm con 6 est vidrio planta,PM202306021210,1026,751,0,Sin_clasificar,Generico,Todo_Mob.dwg,STD
Visio Progresivo Ancho 990 Alto 3000mm con 6 est vidrio planta,PM202306091109,1026,751,0,Sin_clasificar,Generico,Todo_Mob.dwg,STD
Visio Progresivo Ancho 990 Alto 3000mm con 6 est vidrio planta,PM202306091110 1,1026,751,0,Sin_clasificar,Generico,Todo_Mob.dwg,STD
Visio Progresivo Ancho 990 Alto 3000mm con 6 est vidrio planta,PM202306091256,1026,751,0,Sin_clasificar,Generico,Todo_Mob.dwg,STD
Visio Progresivo Ancho 990 Alto 3000mm con 6 est vidrio planta,PM202306091257 1,1026,751,0,Sin_clasificar,Generico,Todo_Mob.dwg,STD
Visio Progresivo Ancho 990 Alto 3000mm con 6 est vidrio planta,PM202308091326,1026,751,0,Sin_clasificar,Generico,Todo_Mob.dwg,STD
MO 3000 planta Marc L Poste 60 Dinàmica JB 2020,PM202306021145,1072,79,0,Sin_clasificar,Generico,Todo_Mob.dwg,STD
PM202306021152,PM202306061616,1072,3000,0,Sin_clasificar,Generico,Todo_Mob.dwg,STD
PM202306021152,PM202308040854,1072,3000,0,Sin_clasificar,Generico,Todo_Mob.dwg,STD
PM202306021152,PM202308091148,1072,3000,0,Sin_clasificar,Generico,Todo_Mob.dwg,STD
PM202306021152,PM202308091225,1072,3000,0,Sin_clasificar,Generico,Todo_Mob.dwg,STD
PM202306021152,PM202308091259,1072,3000,0,Sin_clasificar,Generico,Todo_Mob.dwg,STD
PM202306021152,PM202308110931,1072,3000,0,Sin_clasificar,Generico,Todo_Mob.dwg,STD
PM202306021152,PM202308110932,1072,3000,0,Sin_clasificar,Generico,Todo_Mob.dwg,STD
MO 3000 planta Marc U Poste 60 Dinàmica JB,PM202306021224,1072,98,0,Sin_clasificar,Generico,Todo_Mob.dwg,STD
PM202306021231,PM202306021237,1026,770,0,Sin_clasificar,Generico,Todo_Mob.dwg,STD
PM202306021231,PM202308070911,1026,770,0,Sin_clasificar,Generico,Todo_Mob.dwg,STD
PM202306021242,PM202306021255,996,2442,0,Sin_clasificar,Generico,Todo_Mob.dwg,STD
PM202306021242,PM202306021301,996,2442,0,Sin_clasificar,Generico,Todo_Mob.dwg,STD
PM202306021242,PM202306021303,996,2442,0,Sin_clasificar,Generico,Todo_Mob.dwg,STD
PM202306021242,PM202307271246,996,2442,0,Sin_clasificar,Generico,Todo_Mob.dwg,STD
PM202306021256,PM202306071024,1072,2205,0,Sin_clasificar,Generico,Todo_Mob.dwg,STD
PM202306021256,PM202308081633,1072,2205,0,Sin_clasificar,Generico,Todo_Mob.dwg,STD
PM202306021327,PM202306021332,1200,3400,0,Sin_clasificar,Generico,Todo_Mob.dwg,STD
PM202306021327,PM202306061555,1200,3400,0,Sin_clasificar,Generico,Todo_Mob.dwg,STD
PM202306021327,PM202306091125,1200,3400,0,Sin_clasificar,Generico,Todo_Mob.dwg,STD
PM202306021327,PM202306091126,1200,3400,0,Sin_clasificar,Generico,Todo_Mob.dwg,STD
PM202306021327,PM202306091144,1200,3400,0,Sin_clasificar,Generico,Todo_Mob.dwg,STD
PM202306021327,PM202306091145,1200,3400,0,Sin_clasificar,Generico,Todo_Mob.dwg,STD
PM202306021327,PM202306091258,1200,3400,0,Sin_clasificar,Generico,Todo_Mob.dwg,STD
PM202306021327,PM202306091259,1200,3400,0,Sin_clasificar,Generico,Todo_Mob.dwg,STD
PM202306021327,PM202307261042,1200,3400,0,Sin_clasificar,Generico,Todo_Mob.dwg,STD
PM202306021327,PM202307261043,1200,3400,0,Sin_clasificar,Generico,Todo_Mob.dwg,STD
PM202306021327,PM202307261106,1200,3400,0,Sin_clasificar,Generico,Todo_Mob.dwg,STD
PM202306021327,PM202307271320,1200,3400,0,Sin_clasificar,Generico,Todo_Mob.dwg,STD
PM202306021327,PM202307271558,1200,3400,0,Sin_clasificar,Generico,Todo_Mob.dwg,STD
PM202306021327,PM202307271559,1200,3400,0,Sin_clasificar,Generico,Todo_Mob.dwg,STD
PM202306021327,PM202307281041,1200,3400,0,Sin_clasificar,Generico,Todo_Mob.dwg,STD
PM202306021327,PM202308041113,1200,3400,0,Sin_clasificar,Generico,Todo_Mob.dwg,STD
PM202306021327,PM202308070832,1200,3400,0,Sin_clasificar,Generico,Todo_Mob.dwg,STD
PM202306021327,PM202308070847,1200,3400,0,Sin_clasificar,Generico,Todo_Mob.dwg,STD
PM202306021327,PM202308081507,1200,3400,0,Sin_clasificar,Generico,Todo_Mob.dwg,STD
PM202306021327,PM202308081509,1200,3400,0,Sin_clasificar,Generico,Todo_Mob.dwg,STD
PM202306021327,PM202308081534,1200,3400,0,Sin_clasificar,Generico,Todo_Mob.dwg,STD
PM202306021327,PM202308081553,1200,3400,0,Sin_clasificar,Generico,Todo_Mob.dwg,STD
PM202306021327,PM202308081607,1200,3400,0,Sin_clasificar,Generico,Todo_Mob.dwg,STD
PM202306021327,PM202308081625,1200,3400,0,Sin_clasificar,Generico,Todo_Mob.dwg,STD
PM202306021327,PM202308091111,1200,3400,0,Sin_clasificar,Generico,Todo_Mob.dwg,STD
PM202306021327,PM202308091115,1200,3400,0,Sin_clasificar,Generico,Todo_Mob.dwg,STD
PM202306021327,PM202308091211,1200,3400,0,Sin_clasificar,Generico,Todo_Mob.dwg,STD
PM202306021327,PM202308091312,1200,3400,0,Sin_clasificar,Generico,Todo_Mob.dwg,STD
PM202306021327,PM202308111223,1200,3400,0,Sin_clasificar,Generico,Todo_Mob.dwg,STD
PM202306021327,PM202308111224,1200,3400,0,Sin_clasificar,Generico,Todo_Mob.dwg,STD
PM202306021327,PM202308160832,1200,3400,0,Sin_clasificar,Generico,Todo_Mob.dwg,STD
PM202306021327,PM202308160833,1200,3400,0,Sin_clasificar,Generico,Todo_Mob.dwg,STD
PM202306021327,PM202308160834,1200,3400,0,Sin_clasificar,Generico,Todo_Mob.dwg,STD
PM202306021327,PM202308160835,1200,3400,0,Sin_clasificar,Generico,Todo_Mob.dwg,STD
PM202306021327,PM202308160845,1200,3400,0,Sin_clasificar,Generico,Todo_Mob.dwg,STD
PM202306021327,PM202308161009,1200,3400,0,Sin_clasificar,Generico,Todo_Mob.dwg,STD
PM202306021327,PM202308161010,1200,3400,0,Sin_clasificar,Generico,Todo_Mob.dwg,STD
PM202306021327,PM202308161603,1200,3400,0,Sin_clasificar,Generico,Todo_Mob.dwg,STD
PM202306021327,PM202308161604,1200,3400,0,Sin_clasificar,Generico,Todo_Mob.dwg,STD
PM202306021327,PM202308161605,1200,3400,0,Sin_clasificar,Generico,Todo_Mob.dwg,STD
PM202306021327,PM202308161623,1200,3400,0,Sin_clasificar,Generico,Todo_Mob.dwg,STD
PM202306021327,PM202309281715,1200,3400,0,Sin_clasificar,Generico,Todo_Mob.dwg,STD
PM202306021327,PM202310021608,1200,3400,0,Sin_clasificar,Generico,Todo_Mob.dwg,STD
PM202306021327,PM202310021609,1200,3400,0,Sin_clasificar,Generico,Todo_Mob.dwg,STD
PM202306021327,PM202310021610,1200,3400,0,Sin_clasificar,Generico,Todo_Mob.dwg,STD
PM202306021327,PM202310021611,1200,3400,0,Sin_clasificar,Generico,Todo_Mob.dwg,STD
PM202306021327,PM202310021612,1200,3400,0,Sin_clasificar,Generico,Todo_Mob.dwg,STD
PM202306021327,PM202310021622,1200,3400,0,Sin_clasificar,Generico,Todo_Mob.dwg,STD
PM202306021327,PM202310041505,1200,3400,0,Sin_clasificar,Generico,Todo_Mob.dwg,STD
PM202306021327,PM202310041506,1200,3400,0,Sin_clasificar,Generico,Todo_Mob.dwg,STD
PM202306021327,PM202310041507,1200,3400,0,Sin_clasificar,Generico,Todo_Mob.dwg,STD
PM202306021327,PM202310041508,1200,3400,0,Sin_clasificar,Generico,Todo_Mob.dwg,STD
PM202306021327,PM202310041509,1200,3400,0,Sin_clasificar,Generico,Todo_Mob.dwg,STD
PM202306021327,PM202310041510,1200,3400,0,Sin_clasificar,Generico,Todo_Mob.dwg,STD
PM202306021327,PM202310041511,1200,3400,0,Sin_clasificar,Generico,Todo_Mob.dwg,STD
PM202306021327,PM202310041703,1200,3400,0,Sin_clasificar,Generico,Todo_Mob.dwg,STD
PM202306021327,PM202310051038,1200,3400,0,Sin_clasificar,Generico,Todo_Mob.dwg,STD
PM202306021327,PM202310051135,1200,3400,0,Sin_clasificar,Generico,Todo_Mob.dwg,STD
PM202306021327,PM202310051330,1200,3400,0,Sin_clasificar,Generico,Todo_Mob.dwg,STD
PM202306021327,PM202310051337,1200,3400,0,Sin_clasificar,Generico,Todo_Mob.dwg,STD
PM202306021327,PM202312011108,1200,3400,0,Sin_clasificar,Generico,Todo_Mob.dwg,STD
PM202306021343,PM202306021351,996,2437,0,Sin_clasificar,Generico,Todo_Mob.dwg,STD
PM202306021343,PM202306061541,996,2437,0,Sin_clasificar,Generico,Todo_Mob.dwg,STD
PM202306021343,PM202306061542,996,2437,0,Sin_clasificar,Generico,Todo_Mob.dwg,STD
PM202306021343,PM202307271253,996,2437,0,Sin_clasificar,Generico,Todo_Mob.dwg,STD
PM202306021349,PM202308081645,1072,2200,0,Sin_clasificar,Generico,Todo_Mob.dwg,STD
PM202306061353,PM202306061544,99,28,0,Sin_clasificar,Generico,Todo_Mob.dwg,STD
PM202306061621,PM202308081459,1072,498,0,Sin_clasificar,Generico,Todo_Mob.dwg,STD
PM202306071209,PM202306081322,1072,3282,0,Sin_clasificar,Generico,Todo_Mob.dwg,STD
PM202306071209,PM202306081323,1072,3282,0,Sin_clasificar,Generico,Todo_Mob.dwg,STD
PM202306071209,PM202307281042,1072,3282,0,Sin_clasificar,Generico,Todo_Mob.dwg,STD
PM202306071209,PM202308091158,1072,3282,0,Sin_clasificar,Generico,Todo_Mob.dwg,STD
PM202306081325,PM202306081514,1072,751,0,Sin_clasificar,Generico,Todo_Mob.dwg,STD
PM202306081326,PM202306081515,1072,770,0,Sin_clasificar,Generico,Todo_Mob.dwg,STD
PM202306081326,PM202308091206,1072,770,0,Sin_clasificar,Generico,Todo_Mob.dwg,STD
PM202306091225,PM202306091226,1060,2502,0,Sin_clasificar,Generico,Todo_Mob.dwg,STD
PM202306091225,PM202306091240,1060,2502,0,Sin_clasificar,Generico,Todo_Mob.dwg,STD
PM202306091225,PM202306091241,1060,2502,0,Sin_clasificar,Generico,Todo_Mob.dwg,STD
PM202306091225,PM202306201501,1060,2502,0,Sin_clasificar,Generico,Todo_Mob.dwg,STD
PM202306091225,PM202306201502,1060,2502,0,Sin_clasificar,Generico,Todo_Mob.dwg,STD
PM202306091225,PM202306201503,1060,2502,0,Sin_clasificar,Generico,Todo_Mob.dwg,STD
PM202306091225,PM202308140923,1060,2502,0,Sin_clasificar,Generico,Todo_Mob.dwg,STD
PM202306091225,PM202308140924,1060,2502,0,Sin_clasificar,Generico,Todo_Mob.dwg,STD
PM202306091225,PM202308140925,1060,2502,0,Sin_clasificar,Generico,Todo_Mob.dwg,STD
PM202306091225,PM202308140926,1060,2502,0,Sin_clasificar,Generico,Todo_Mob.dwg,STD
PM202306091225,PM202308140927,1060,2502,0,Sin_clasificar,Generico,Todo_Mob.dwg,STD
PM202306091225,PM202308140928,1060,2502,0,Sin_clasificar,Generico,Todo_Mob.dwg,STD
PM202306091225,PM202308140929,1060,2502,0,Sin_clasificar,Generico,Todo_Mob.dwg,STD
PM202306091225,PM202308140930,1060,2502,0,Sin_clasificar,Generico,Todo_Mob.dwg,STD
PM202306091225,PM202308141556,1060,2502,0,Sin_clasificar,Generico,Todo_Mob.dwg,STD
PM202306091225,PM202308161055,1060,2502,0,Sin_clasificar,Generico,Todo_Mob.dwg,STD
PM202306091225,PM202308161056,1060,2502,0,Sin_clasificar,Generico,Todo_Mob.dwg,STD
PM202306091225,PM202308161057,1060,2502,0,Sin_clasificar,Generico,Todo_Mob.dwg,STD
PM202306091225,PM202310051123,1060,2502,0,Sin_clasificar,Generico,Todo_Mob.dwg,STD
PM202306091225,PM202310051202,1060,2502,0,Sin_clasificar,Generico,Todo_Mob.dwg,STD
PM202306091225,PM202310051338,1060,2502,0,Sin_clasificar,Generico,Todo_Mob.dwg,STD
PM202306091232 1,PM202306091243,1060,669,0,Sin_clasificar,Generico,Todo_Mob.dwg,STD
PM202306091232 1,PM202308141547,1060,669,0,Sin_clasificar,Generico,Todo_Mob.dwg,STD
PM202306091232 1,PM202308141548,1060,669,0,Sin_clasificar,Generico,Todo_Mob.dwg,STD
PM202306091232 1,PM202308160911,1060,669,0,Sin_clasificar,Generico,Todo_Mob.dwg,STD
PM202306091232 1,PM202308160912,1060,669,0,Sin_clasificar,Generico,Todo_Mob.dwg,STD
PM202306091232 1,PM202306091232,1060,669,0,Sin_clasificar,Generico,cad4.dwg,DEF
PM202306091232 1,PM202504091020,1060,669,0,Sin_clasificar,Generico,cad4.dwg,DEF
PM202306091252,PM202306091253,1056,3282,0,Sin_clasificar,Generico,Todo_Mob.dwg,STD
PM202306091255,PM202307271307,1758,3282,0,Sin_clasificar,Generico,Todo_Mob.dwg,STD
PM202306201506,PM202401241642,1060,679,0,Sin_clasificar,Generico,Todo_Mob.dwg,STD
PM202306201507,PM202401241643,1060,674,0,Sin_clasificar,Generico,Todo_Mob.dwg,STD
PM202307261023,PM202307261024,1088,3282,0,Sin_clasificar,Generico,Todo_Mob.dwg,STD
PM202307261023,PM202307261027,1088,3282,0,Sin_clasificar,Generico,Todo_Mob.dwg,STD
PM202307261023,PM202307261028,1088,3282,0,Sin_clasificar,Generico,Todo_Mob.dwg,STD
PM202307261023,PM202310051225,1088,3282,0,Sin_clasificar,Generico,Todo_Mob.dwg,STD
PM202307261023,PM202310051241,1088,3282,0,Sin_clasificar,Generico,Todo_Mob.dwg,STD
PM202307261025,PM202307261026,1088,670,0,Sin_clasificar,Generico,Todo_Mob.dwg,STD
PM202307271235,PM202307271241,1026,1173,0,Sin_clasificar,Generico,Todo_Mob.dwg,STD
PM202307271235,PM202308041207,1026,1173,0,Sin_clasificar,Generico,Todo_Mob.dwg,STD
PM202307271235,PM202308041213,1026,1173,0,Sin_clasificar,Generico,Todo_Mob.dwg,STD
PM202307271235,PM202308041228,1026,1173,0,Sin_clasificar,Generico,Todo_Mob.dwg,STD
PM202307271235,PM202308041229,1026,1173,0,Sin_clasificar,Generico,Todo_Mob.dwg,STD
PM202307281306,PM202310051223,1088,2525,0,Sin_clasificar,Generico,Todo_Mob.dwg,STD
PM202307281306,PM202310051224,1088,2525,0,Sin_clasificar,Generico,Todo_Mob.dwg,STD
PM202307281306,pm202310051340,1088,2525,0,Sin_clasificar,Generico,Todo_Mob.dwg,STD
PM202307281306,PM20230728139,1088,2525,0,Sin_clasificar,Generico,Todo_Mob.dwg,STD
PM202307281306,PM20230728141,1088,2525,0,Sin_clasificar,Generico,Todo_Mob.dwg,STD
PM202307281306,PM20230728143,1088,2525,0,Sin_clasificar,Generico,Todo_Mob.dwg,STD
PM202307281306,PM20230728145,1088,2525,0,Sin_clasificar,Generico,Todo_Mob.dwg,STD
PM202307281306,PM20230728146,1088,2525,0,Sin_clasificar,Generico,Todo_Mob.dwg,STD
PM202307281306,PM20230728148,1088,2525,0,Sin_clasificar,Generico,Todo_Mob.dwg,STD
PM202310051339,PM20230728140,1088,696,0,Sin_clasificar,Generico,Todo_Mob.dwg,STD
PM202310051339,PM20230728144,1088,696,0,Sin_clasificar,Generico,Todo_Mob.dwg,STD
PM202310051339,PM20230728147,1088,696,0,Sin_clasificar,Generico,Todo_Mob.dwg,STD
PM202308040852,PM202308040904,990,2160,0,Sin_clasificar,Generico,Todo_Mob.dwg,STD
PM202308040852,PM202308040909,990,2160,0,Sin_clasificar,Generico,Todo_Mob.dwg,STD
PM202308040852,PM202308041027,990,2160,0,Sin_clasificar,Generico,Todo_Mob.dwg,STD
PM202308040852,PM202308041037,990,2160,0,Sin_clasificar,Generico,Todo_Mob.dwg,STD
PM202308040925,PM202308040926,996,83,0,Sin_clasificar,Generico,Todo_Mob.dwg,STD
PM202308081702,PM202308081703,990,1910,0,Sin_clasificar,Generico,Todo_Mob.dwg,STD
PM202308081702,PM202308081707,990,1910,0,Sin_clasificar,Generico,Todo_Mob.dwg,STD
PM202308081702,PM202308081708,990,1910,0,Sin_clasificar,Generico,Todo_Mob.dwg,STD
PM202308081702,PM202308081710,990,1910,0,Sin_clasificar,Generico,Todo_Mob.dwg,STD
PM202308091507,PM202308140919,1060,2220,0,Sin_clasificar,Generico,Todo_Mob.dwg,STD
PM202308091507,PM202309281550,1060,2220,0,Sin_clasificar,Generico,Todo_Mob.dwg,STD
PM202308111158,PM202308111159,1072,2482,0,Sin_clasificar,Generico,Todo_Mob.dwg,STD
PM202308111158,PM202308111200,1072,2482,0,Sin_clasificar,Generico,Todo_Mob.dwg,STD
PM202308111158,PM202308111201,1072,2482,0,Sin_clasificar,Generico,Todo_Mob.dwg,STD
PM202308140931,PM202308140932,2090,2502,0,Sin_clasificar,Generico,Todo_Mob.dwg,STD
PM202308140931,PM202308140933,2090,2502,0,Sin_clasificar,Generico,Todo_Mob.dwg,STD
PM202308140931,PM202308140934,2090,2502,0,Sin_clasificar,Generico,Todo_Mob.dwg,STD
PM202308140931,PM202308140935,2090,2502,0,Sin_clasificar,Generico,Todo_Mob.dwg,STD
PM202308140931,PM202308140936,2090,2502,0,Sin_clasificar,Generico,Todo_Mob.dwg,STD
PM202308140931,PM202308140937,2090,2502,0,Sin_clasificar,Generico,Todo_Mob.dwg,STD
PM202308140931,PM202308141509,2090,2502,0,Sin_clasificar,Generico,Todo_Mob.dwg,STD
PM202308140931,PM202308141638,2090,2502,0,Sin_clasificar,Generico,Todo_Mob.dwg,STD
PM202308140931,PM2023081602,2090,2502,0,Sin_clasificar,Generico,Todo_Mob.dwg,STD
PM202308141549,PM202308141550,2090,669,0,Sin_clasificar,Generico,Todo_Mob.dwg,STD
PM202308141549,PM202308141642,2090,669,0,Sin_clasificar,Generico,Todo_Mob.dwg,STD
PM202308141549,PM202504091021,2090,669,0,Sin_clasificar,Generico,cad4.dwg,DEF
PM202308141626,PM202308141627,1060,1502,0,Sin_clasificar,Generico,Todo_Mob.dwg,STD
PM202308141626,PM202310050844,1060,1502,0,Sin_clasificar,Generico,Todo_Mob.dwg,STD
PM202308141626,PM202310051034,1060,1502,0,Sin_clasificar,Generico,Todo_Mob.dwg,STD
PM202308141626,PM202310051035,1060,1502,0,Sin_clasificar,Generico,Todo_Mob.dwg,STD
PM202308141628,PM202308141629,2090,1502,0,Sin_clasificar,Generico,Todo_Mob.dwg,STD
PM202308141628,PM202308141633,2090,1502,0,Sin_clasificar,Generico,Todo_Mob.dwg,STD
PM202308141628,PM202310051036,2090,1502,0,Sin_clasificar,Generico,Todo_Mob.dwg,STD
PM202308141628,PM202310051037,2090,1502,0,Sin_clasificar,Generico,Todo_Mob.dwg,STD
PM202308141628,PM202310051102,2090,1502,0,Sin_clasificar,Generico,Todo_Mob.dwg,STD
PM202308161011,PM202308161012,1200,3600,0,Sin_clasificar,Generico,Todo_Mob.dwg,STD
PM202308161201,PM202308161202,1060,3302,0,Sin_clasificar,Generico,Todo_Mob.dwg,STD
PM202308161201,PM202308161203,1060,3302,0,Sin_clasificar,Generico,Todo_Mob.dwg,STD
PM202308161201,PM202308161204,1060,3302,0,Sin_clasificar,Generico,Todo_Mob.dwg,STD
PM202308161201,PM202310051203,1060,3302,0,Sin_clasificar,Generico,Todo_Mob.dwg,STD
PM202309281230,PM202309281231,1000,200,0,Sin_clasificar,Generico,Todo_Mob.dwg,STD
PM202309281716,PM202309281717,1090,2500,0,Sin_clasificar,Generico,Todo_Mob.dwg,STD
PM202309281716,PM202309281718,1090,2500,0,Sin_clasificar,Generico,Todo_Mob.dwg,STD
PM202309281716,PM202309281719,1090,2500,0,Sin_clasificar,Generico,Todo_Mob.dwg,STD
PM202309281716,PM202309281723,1090,2500,0,Sin_clasificar,Generico,Todo_Mob.dwg,STD
PM202309281720,PM202309281722,1090,669,0,Sin_clasificar,Generico,Todo_Mob.dwg,STD
PM202309281720,PM202309281724,1090,669,0,Sin_clasificar,Generico,Todo_Mob.dwg,STD
PM202309290932,PM202309291111,1072,1173,0,Sin_clasificar,Generico,Todo_Mob.dwg,STD
PM202310021600,PM202310021602,600,1882,0,Sin_clasificar,Generico,Todo_Mob.dwg,STD
PM202310021601,PM202310021603,800,519,0,Sin_clasificar,Generico,Todo_Mob.dwg,STD
PM202310021604,PM202310021606,800,1882,0,Sin_clasificar,Generico,Todo_Mob.dwg,STD
PM202310021604,PM202310021620,800,1882,0,Sin_clasificar,Generico,Todo_Mob.dwg,STD
PM202310021605,PM202310021607,1000,519,0,Sin_clasificar,Generico,Todo_Mob.dwg,STD
PM202310021605,PM202310021621,1000,519,0,Sin_clasificar,Generico,Todo_Mob.dwg,STD
Góndola Visio 1 Módulo a 1 Cara Ancho 990 Alto 1200 3 est vidrio planta,PM202310040919,1082,925,0,Sin_clasificar,Generico,Todo_Mob.dwg,STD
Góndola Visio 1 Módulo a 2 Caras Ancho 990 Alto 1200 6 est vidrio planta,PM202310040920,1082,1200,0,Sin_clasificar,Generico,Todo_Mob.dwg,STD
Góndola Visio 1 Módulo a 2 Caras Ancho 990 Alto 1200 6 est vidrio planta,PM202310051336,1082,1200,0,Sin_clasificar,Generico,Todo_Mob.dwg,STD
PM202310040922,PM202310041202,1632,1200,0,Sin_clasificar,Generico,Todo_Mob.dwg,STD
Góndola Visio 2 Módulos a 2 Caras Ancho 990 Alto 1200 12 est vidrio planta,PM202310040923,2078,1200,0,Sin_clasificar,Generico,Todo_Mob.dwg,STD
PM202310040925,PM202310041203,2628,1200,0,Sin_clasificar,Generico,Todo_Mob.dwg,STD
PM202310040925,PM202310041249,2628,1200,0,Sin_clasificar,Generico,Todo_Mob.dwg,STD
PM202310040926,PM202310040927,1082,1482,0,Sin_clasificar,Generico,Todo_Mob.dwg,STD
PM202310040929,PM202310041200,1632,1482,0,Sin_clasificar,Generico,Todo_Mob.dwg,STD
PM202310040930,PM202310040931,2078,1482,0,Sin_clasificar,Generico,Todo_Mob.dwg,STD
PM202310040933,PM202310041201,2628,1482,0,Sin_clasificar,Generico,Todo_Mob.dwg,STD
PM202310040934,PM202310040935,1082,1782,0,Sin_clasificar,Generico,Todo_Mob.dwg,STD
PM202310040937,PM202310041158,1632,1782,0,Sin_clasificar,Generico,Todo_Mob.dwg,STD
PM202310040938,PM202310040939,2078,1782,0,Sin_clasificar,Generico,Todo_Mob.dwg,STD
PM202310040941,PM202310041159,2628,1782,0,Sin_clasificar,Generico,Todo_Mob.dwg,STD
PM202310040942,PM202310040943,1082,1982,0,Sin_clasificar,Generico,Todo_Mob.dwg,STD
Góndola Visio 2 Módulos a 1 Cara Ancho 990 Alto 1200 6 est vidrio planta,PM202310041034,2078,925,0,Sin_clasificar,Generico,Todo_Mob.dwg,STD
PM202310041130,PM202310041156,1632,1982,0,Sin_clasificar,Generico,Todo_Mob.dwg,STD
PM202310041130,PM202310041250,1632,1982,0,Sin_clasificar,Generico,Todo_Mob.dwg,STD
PM202310041131,PM202310041132,2078,1982,0,Sin_clasificar,Generico,Todo_Mob.dwg,STD
PM202310041134,PM202310041221,2628,1982,0,Sin_clasificar,Generico,Todo_Mob.dwg,STD
PM202310041134,PM202310041251,2628,1982,0,Sin_clasificar,Generico,Todo_Mob.dwg,STD
PM202310041134,PM202310041304,2628,1982,0,Sin_clasificar,Generico,Todo_Mob.dwg,STD
PM202310041529,PM202310041530,990,996,0,Sin_clasificar,Generico,Todo_Mob.dwg,STD
PM202310041531,PM202310041532,990,1196,0,Sin_clasificar,Generico,Todo_Mob.dwg,STD
PM202310041533,PM202310041534,990,1496,0,Sin_clasificar,Generico,Todo_Mob.dwg,STD
PM202310050848,PM202310050849,1060,969,0,Sin_clasificar,Generico,Todo_Mob.dwg,STD
PM202310050848,PM202310051039,1060,969,0,Sin_clasificar,Generico,Todo_Mob.dwg,STD
PM202310050848,PM202310051040,1060,969,0,Sin_clasificar,Generico,Todo_Mob.dwg,STD
PM202310050850,PM202310050851,2090,969,0,Sin_clasificar,Generico,Todo_Mob.dwg,STD
PM202310050850,PM202310050914,2090,969,0,Sin_clasificar,Generico,Todo_Mob.dwg,STD
PM202310050850,PM202310051041,2090,969,0,Sin_clasificar,Generico,Todo_Mob.dwg,STD
PM202310050850,PM202310051042,2090,969,0,Sin_clasificar,Generico,Todo_Mob.dwg,STD
PM202310050850,PM202310051103,2090,969,0,Sin_clasificar,Generico,Todo_Mob.dwg,STD
PM202310050850,PM202310051212,2090,969,0,Sin_clasificar,Generico,Todo_Mob.dwg,STD
PM202310050850,PM202310051145,2090,969,0,Sin_clasificar,Generico,cad4.dwg,DEF
PM202310051125,PM202310051134,3060,2502,0,Sin_clasificar,Generico,Todo_Mob.dwg,STD
PM202312011049 1,PM202312011050 1,1072,781,0,Sin_clasificar,Generico,Todo_Mob.dwg,STD
PM202312011049 1,PM202312011056,1072,781,0,Sin_clasificar,Generico,Todo_Mob.dwg,STD
Planta Imac JB 2020,PM202307261202,396,157,0,Sin_clasificar,Generico,Cad5.dwg,INS
Planta Expo Kubic JB,PM202307281047,350,605,0,Sin_clasificar,Generico,cad6.dwg,INS
PM202401161506,PM202401161529,2521,1392,0,Sin_clasificar,Generico,Cad10.dwg,DEF
PM202401161511,PM202401161524,1500,1181,0,Sin_clasificar,Generico,Cad10.dwg,DEF
PM202306091257,PM202306091110,1026,721,0,Sin_clasificar,Generico,Cad5.dwg,DEF
warhawrhawrh,whaehaehahe,64,80,0,Sin_clasificar,Generico,Cad5.dwg,DEF
CLIENTE 2,Arturo,508,431,0,Sin_clasificar,Generico,cad1.dwg,DEF
PM202307271123 1,PM202307271137,996,1249,0,Sin_clasificar,Generico,cad3.dwg,DEF
