canonical_slug,display_name,W_mm,D_mm,H_mm,family,product_line,source,completeness,path
12,12,576,935,0,Sin_clasificar,Generico,Cad10.dwg,INS,Sin_clasificar/Generico/12_576x935x0mm.skp
123,123,1025,989,0,Sin_clasificar,Generico,cad2.dwg,DEF,Sin_clasificar/Generico/123_1025x989x0mm.skp
1234,1234,521,1108,0,Sin_clasificar,Generico,cad2.dwg,DEF,Sin_clasificar/Generico/1234_521x1108x0mm.skp
202410091526,202410091526,30,83,0,Sin_clasificar,Generico,Todo_Mob.dwg,STD,Sin_clasificar/Generico/202410091526_30x83x0mm.skp
202501150924,202501150924,770,2502,0,Sin_clasificar,Generico,Todo_Mob.dwg,STD,Sin_clasificar/Generico/202501150924_770x2502x0mm.skp
2d_mostrador_recto,2d mostrador recto,1257,1053,0,Mostradores,Mostrador,cad3.dwg,INS,Mostradores/Mostrador/2d_mostrador_recto_1257x1053x0mm.skp
435tk3489tg,435TK3489TG,812,1196,0,Sin_clasificar,Generico,Cad7.dwg,INS,Sin_clasificar/Generico/435tk3489tg_812x1196x0mm.skp
45435345e4erg,45435345E4ERG,595,968,0,Sin_clasificar,Generico,cad2.dwg,DEF,Sin_clasificar/Generico/45435345e4erg_595x968x0mm.skp
456,456,432,564,0,Sin_clasificar,Generico,Cad5.dwg,INS,Sin_clasificar/Generico/456_432x564x0mm.skp
alzado_estante_de_vidrio_de_800_con_cartelas_icas,Alzado estante de vidrio de 800 con cartelas ICAS,806,86,0,Cartelas,Icas,cad6.dwg,DEF,Cartelas/Icas/alzado_estante_de_vidrio_de_800_con_cartelas_icas_806x86x0mm.skp
alzado_estante_de_vidrio_de_990_con_cartelas_icas,Alzado estante de vidrio de 990 con cartelas ICAS,996,86,0,Cartelas,Icas,cad6.dwg,DEF,Cartelas/Icas/alzado_estante_de_vidrio_de_990_con_cartelas_icas_996x86x0mm.skp
aw4egaweg,aw4egaweg,73,40,0,Sin_clasificar,Generico,Cad5.dwg,DEF,Sin_clasificar/Generico/aw4egaweg_73x40x0mm.skp
awregawg,awregawg,180,16,0,Sin_clasificar,Generico,Cad5.dwg,DEF,Sin_clasificar/Generico/awregawg_180x16x0mm.skp
buc_de_4_calles_809x520,BUC DE 4 CALLES (809x520),549,809,0,Calaixeras,Generico,Cad10.dwg,DEF,Calaixeras/Generico/buc_de_4_calles_809x520_549x809x0mm.skp
bascula,bàscula,360,573,0,Basculas,Generico,cad1.dwg,INS,Basculas/Generico/bascula_360x573x0mm.skp
cajetin,CAJETIN,80,72,0,Cartelas,Generico,Cad5.dwg,DEF,Cartelas/Generico/cajetin_80x72x0mm.skp
cajetin_concep_a3_2013,CAJETÍN CONCEP A3 2013,444,297,0,Cartelas,Generico,cad1.dwg,DEF,Cartelas/Generico/cajetin_concep_a3_2013_444x297x0mm.skp
cajetin_concep_a4_2013,CAJETÍN CONCEP A4 2013,316,297,0,Cartelas,Generico,cad1.dwg,DEF,Cartelas/Generico/cajetin_concep_a4_2013_316x297x0mm.skp
cajetin_pm_concep_a3_2018,Cajetín PM concep A3 2018,420,297,0,Cartelas,Generico,Cad10.dwg,DEF,Cartelas/Generico/cajetin_pm_concep_a3_2018_420x297x0mm.skp
cajetin_pm_concep_a4_2018,Cajetín PM concep A4 2018,210,297,0,Cartelas,Generico,cad1.dwg,DEF,Cartelas/Generico/cajetin_pm_concep_a4_2018_210x297x0mm.skp
cajonera,cajonera,1880,2000,0,Calaixeras,Generico,Cad10.dwg,DEF,Calaixeras/Generico/cajonera_1880x2000x0mm.skp
calaixera_tx2_100_planta_calaixera,Calaixera Tx2 100 Planta Calaix,430,1805,0,Calaixeras,TX2,Cad10.dwg,DEF,Calaixeras/TX2/calaixera_tx2_100_planta_calaixera_430x1805x0mm.skp
calaixera_tx2_100_planta_calaixera_forros_4_columnes,Calaixera Tx2 100 Planta Calaixos + Forros 4 Columnes,2011,1830,0,Calaixeras,TX2,Cad10.dwg,DEF,Calaixeras/TX2/calaixera_tx2_100_planta_calaixera_forros_4_columnes_2011x1830x0mm.skp
calaixera_tx2_100_planta_calaixera_forros_7_columnes,Calaixera Tx2 100 Planta Calaixos + Forros 7 Columnes,3313,1830,0,Calaixeras,TX2,Cad7.dwg,DEF,Calaixeras/TX2/calaixera_tx2_100_planta_calaixera_forros_7_columnes_3313x1830x0mm.skp
calaixera_tx2_125_planta_calaixera,Calaixera Tx2 125 Planta Calaixos,430,2255,0,Calaixeras,TX2,Cad5.dwg,DEF,Calaixeras/TX2/calaixera_tx2_125_planta_calaixera_430x2255x0mm.skp
camilla,camilla,650,1900,0,Camillas,Generico,Cad7.dwg,INS,Camillas/Generico/camilla_650x1900x0mm.skp
caratula_01,CARATULA_01,180,7,0,Cartelas,Generico,Cad5.dwg,DEF,Cartelas/Generico/caratula_01_180x7x0mm.skp
cartela,Cartela,26,135,0,Cartelas,Generico,Cad7.dwg,DEF,Cartelas/Generico/cartela_26x135x0mm.skp
cartela_generic,Cartela generic,41,223,0,Cartelas,Generico,Cad10.dwg,DEF,Cartelas/Generico/cartela_generic_41x223x0mm.skp
cartela_lateral_i6_de_60,CARTELA LATERAL (I6) de 60,42,202,0,Cartelas,Generico,Cad7.dwg,DEF,Cartelas/Generico/cartela_lateral_i6_de_60_42x202x0mm.skp
caratula_03,CARÁTULA_03,180,7,0,Cartelas,Generico,Cad5.dwg,DEF,Cartelas/Generico/caratula_03_180x7x0mm.skp
catela_icas_simple_alcat,Catela ICAS Simple Alçat,31,86,0,Cartelas,Icas,cad6.dwg,DEF,Cartelas/Icas/catela_icas_simple_alcat_31x86x0mm.skp
cliente_2,CLIENTE 2,508,431,0,Sin_clasificar,Generico,cad8.dwg,INS,Sin_clasificar/Generico/cliente_2_508x431x0mm.skp
clotilde,Clotilde,432,543,0,Sin_clasificar,Generico,Cad10.dwg,INS,Sin_clasificar/Generico/clotilde_432x543x0mm.skp
costado_l7,COSTADO L7,35,79,0,Costados,Generico,Cad10.dwg,DEF,Costados/Generico/costado_l7_35x79x0mm.skp
costado_u_generic,costado U generic,35,98,0,Costados,Generico,Cad10.dwg,DEF,Costados/Generico/costado_u_generic_35x98x0mm.skp
costado_u6_de_60,COSTADO U6 DE 60,35,98,0,Costados,Generico,Cad7.dwg,DEF,Costados/Generico/costado_u6_de_60_35x98x0mm.skp
dado_a900_h3000_est_vidrio_planta,Dado A900 H3000 est vidrio Planta,998,670,0,Modulos,Dado,Cad7.dwg,INS,Modulos/Dado/dado_a900_h3000_est_vidrio_planta_998x670x0mm.skp
dtykdtk,dtykdtk,148,132,0,Sin_clasificar,Generico,Cad5.dwg,DEF,Sin_clasificar/Generico/dtykdtk_148x132x0mm.skp
escaparate_d,escaparate D,1020,30,0,Escaparates,Generico,cad1.dwg,DEF,Escaparates/Generico/escaparate_d_1020x30x0mm.skp
est_almacen_680,EST.ALMACEN_680,880,300,0,Estanterias,Generico,Cad5.dwg,INS,Estanterias/Generico/est_almacen_680_880x300x0mm.skp
est_almacen_880,EST.ALMACEN_880,680,300,0,Estanterias,Generico,cad2.dwg,DEF,Estanterias/Generico/est_almacen_880_680x300x0mm.skp
fddfgdfgdfg,FDDFGDFGDFG,551,729,0,Sin_clasificar,Generico,cad2.dwg,DEF,Sin_clasificar/Generico/fddfgdfgdfg_551x729x0mm.skp
fgdfgdfgd,FGDFGDFGD,684,830,0,Sin_clasificar,Generico,cad2.dwg,DEF,Sin_clasificar/Generico/fgdfgdfgd_684x830x0mm.skp
fgjghjhg,FGJGHJHG,946,274,0,Sin_clasificar,Generico,cad2.dwg,DEF,Sin_clasificar/Generico/fgjghjhg_946x274x0mm.skp
flecha,FLECHA,88,72,0,Senalizacion,Generico,cad2.dwg,DEF,Senalizacion/Generico/flecha_88x72x0mm.skp
g,G,2539,2212,0,Sin_clasificar,Generico,Cad10.dwg,DEF,Sin_clasificar/Generico/g_2539x2212x0mm.skp
g880_centro_sdt,G880 CENTRO-SDT,917,479,0,Sin_clasificar,SDT,Cad10.dwg,DEF,Sin_clasificar/SDT/g880_centro_sdt_917x479x0mm.skp
g880_ext_sdtdwg,G880 EXT.SDTdwg,940,479,0,Sin_clasificar,SDT,Cad10.dwg,DEF,Sin_clasificar/SDT/g880_ext_sdtdwg_940x479x0mm.skp
gaf,gaf,175,127,0,Sin_clasificar,Generico,Cad5.dwg,DEF,Sin_clasificar/Generico/gaf_175x127x0mm.skp
gfhfghfg,GFHFGHFG,453,588,0,Sin_clasificar,Generico,Cad10.dwg,DEF,Sin_clasificar/Generico/gfhfghfg_453x588x0mm.skp
gfhgfh,GFHGFH,596,693,0,Sin_clasificar,Generico,Cad10.dwg,INS,Sin_clasificar/Generico/gfhgfh_596x693x0mm.skp
gondola_2_cuerpos_2_cabezas,gondola 2 cuerpos 2 cabezas,798,2454,0,Gondolas,Gondola,Cad10.dwg,DEF,Gondolas/Gondola/gondola_2_cuerpos_2_cabezas_798x2454x0mm.skp
gondola_3_cuerpos,gondola 3 cuerpos,2748,978,0,Gondolas,Gondola,Cad7.dwg,DEF,Gondolas/Gondola/gondola_3_cuerpos_2748x978x0mm.skp
graella_llegenda,Graella Llegenda,408,278,0,Senalizacion,Generico,cad2.dwg,DEF,Senalizacion/Generico/graella_llegenda_408x278x0mm.skp
gondola_lite_2_modulos_a700_h1200_12_est_vidrio_planta,Góndola Lite 2 módulos A700 H1200 12 est vidrio Planta,1510,969,0,Gondolas,Lite,Cad10.dwg,DEF,Gondolas/Lite/gondola_lite_2_modulos_a700_h1200_12_est_vidrio_planta_1510x969x0mm.skp
gondola_lite_2_modulos_a900_h1200_12_est_vidrio_planta,Góndola Lite 2 módulos A900 H1200 12 est vidrio Planta,1910,969,0,Gondolas,Lite,Cad10.dwg,DEF,Gondolas/Lite/gondola_lite_2_modulos_a900_h1200_12_est_vidrio_planta_1910x969x0mm.skp
gondola_lite_a700_h1200_6_est_vidrio_planta,Góndola Lite A700 H1200 6 est vidrio Planta,770,969,0,Gondolas,Lite,Cad10.dwg,DEF,Gondolas/Lite/gondola_lite_a700_h1200_6_est_vidrio_planta_770x969x0mm.skp
gondola_lite_a900_h1200_6_est_vidrio_planta,Góndola Lite A900 H1200 6 est vidrio Planta,970,969,0,Gondolas,Lite,Cad10.dwg,DEF,Gondolas/Lite/gondola_lite_a900_h1200_6_est_vidrio_planta_970x969x0mm.skp
gondola_visio_1mod_1cara_800,Góndola Visio 1 Módulo a 1 Cara Ancho 800 Alto 1200 3 est vidrio planta,892,925,0,Gondolas,Visio,Cad10.dwg,DEF,Gondolas/Visio/gondola_visio_1mod_1cara_800_892x925x0mm.skp
gondola_visio_1mod_1cara_990,Góndola Visio 1 Módulo a 1 Cara Ancho 990 Alto 1200 3 est vidrio planta,1082,925,0,Gondolas,Visio,Cad10.dwg,DEF,Gondolas/Visio/gondola_visio_1mod_1cara_990_1082x925x0mm.skp
gondola_visio_1mod_2cara_800,Góndola Visio 1 Módulo a 2 Caras Ancho 800 Alto 1200 6 est vidrio planta,892,1200,0,Gondolas,Visio,Cad10.dwg,DEF,Gondolas/Visio/gondola_visio_1mod_2cara_800_892x1200x0mm.skp
gondola_visio_1mod_2cara_990,Góndola Visio 1 Módulo a 2 Caras Ancho 990 Alto 1200 6 est vidrio planta,1082,1200,0,Gondolas,Visio,Cad10.dwg,DEF,Gondolas/Visio/gondola_visio_1mod_2cara_990_1082x1200x0mm.skp
gondola_visio_2mod_1cara_800,Góndola Visio 2 Módulos a 1 Cara Ancho 800 Alto 1200 6 est vidrio planta,1698,925,0,Gondolas,Visio,Cad10.dwg,DEF,Gondolas/Visio/gondola_visio_2mod_1cara_800_1698x925x0mm.skp
gondola_visio_2mod_1cara_990,Góndola Visio 2 Módulos a 1 Cara Ancho 990 Alto 1200 6 est vidrio planta,2078,925,0,Gondolas,Visio,Cad10.dwg,DEF,Gondolas/Visio/gondola_visio_2mod_1cara_990_2078x925x0mm.skp
gondola_visio_2mod_2cara_800,Góndola Visio 2 Módulos a 2 Caras Ancho 800 Alto 1200 12 est vidrio planta,1698,1200,0,Gondolas,Visio,Cad10.dwg,DEF,Gondolas/Visio/gondola_visio_2mod_2cara_800_1698x1200x0mm.skp
gondola_visio_2mod_2cara_990,Góndola Visio 2 Módulos a 2 Caras Ancho 990 Alto 1200 12 est vidrio planta,2078,1200,0,Gondolas,Visio,Cad10.dwg,DEF,Gondolas/Visio/gondola_visio_2mod_2cara_990_2078x1200x0mm.skp
hombre_1,HOMBRE 1,680,687,0,Maniquies,Generico,cad8.dwg,INS,Maniquies/Generico/hombre_1_680x687x0mm.skp
imac_teclado,Imac Teclado,443,117,0,Tecnologia,Generico,cad3.dwg,DEF,Tecnologia/Generico/imac_teclado_443x117x0mm.skp
infantil,INFANTIL,1349,1349,0,Sin_clasificar,Generico,cad6.dwg,DEF,Sin_clasificar/Generico/infantil_1349x1349x0mm.skp
jhkjhk8,jhkjhk8,554,548,0,Sin_clasificar,Generico,Cad7.dwg,DEF,Sin_clasificar/Generico/jhkjhk8_554x548x0mm.skp
kubic_doble_1_expo,KUBIC DOBLE - 1 EXPO.,1678,1051,0,Modulos,Kubic,cad8.dwg,DEF,Modulos/Kubic/kubic_doble_1_expo_1678x1051x0mm.skp
lavabo_4,lavabo 4,430,388,0,Sanitaris,Generico,Cad7.dwg,DEF,Sanitaris/Generico/lavabo_4_430x388x0mm.skp
linea_rubik,linea rubik,895,300,0,Sin_clasificar,Rubik,cad2.dwg,DEF,Sin_clasificar/Rubik/linea_rubik_895x300x0mm.skp
logotipo,LOGOTIPO,75,13,0,Sin_clasificar,Generico,Cad5.dwg,DEF,Sin_clasificar/Generico/logotipo_75x13x0mm.skp
mesa_2,mesa 2,2468,2198,0,Mesas,Generico,cad3.dwg,INS,Mesas/Generico/mesa_2_2468x2198x0mm.skp
mesa_concep,mesa concep,600,951,0,Mesas,Generico,cad1.dwg,INS,Mesas/Generico/mesa_concep_600x951x0mm.skp
mo_3000_planta_marc_l_poste_60_dinamic_jb_2020,MO 3000 planta Marc L Poste 60 Dinàmica JB 2020,1072,79,0,Postes,Dinamic,Cad10.dwg,DEF,Postes/Dinamic/mo_3000_planta_marc_l_poste_60_dinamic_jb_2020_1072x79x0mm.skp
mo_3000_planta_marc_u_poste_60_dinamic_jb,MO 3000 planta Marc U Poste 60 Dinàmica JB,1072,98,0,Postes,Dinamic,Cad5.dwg,DEF,Postes/Dinamic/mo_3000_planta_marc_u_poste_60_dinamic_jb_1072x98x0mm.skp
monitor,MONITOR.,336,246,0,Tecnologia,Generico,cad8.dwg,DEF,Tecnologia/Generico/monitor_336x246x0mm.skp
mono_farmacia,mono farmacia,42,57,0,Sin_clasificar,Generico,Cad5.dwg,DEF,Sin_clasificar/Generico/mono_farmacia_42x57x0mm.skp
most_boble,most boble,1768,1437,0,Mostradores,Generico,cad4.dwg,DEF,Mostradores/Generico/most_boble_1768x1437x0mm.skp
mostrador_kubic_melamina_planta_accessoris_expo_esquerra,Mostrador Kubic Melamina Planta Accessoris Expo Esquerra,976,1015,0,Mostradores,Kubic,cad2.dwg,DEF,Mostradores/Kubic/mostrador_kubic_melamina_planta_accessoris_expo_esquerra_976x1015x0mm.skp
mostrador_kubic_modul_info_opcion_1_planta,Mostrador Kubic Mòdul Info Opción 1 Planta,598,600,0,Mostradores,Kubic,cad2.dwg,DEF,Mostradores/Kubic/mostrador_kubic_modul_info_opcion_1_planta_598x600x0mm.skp
mostrador_multiple_planta_forros_dinamic_jb_2020,Mostrador multiple planta forros dinàmic JB 2020,1316,670,0,Mostradores,Dinamic,cad6.dwg,DEF,Mostradores/Dinamic/mostrador_multiple_planta_forros_dinamic_jb_2020_1316x670x0mm.skp
mujer_1,MUJER 1,432,564,0,Maniquies,Generico,cad8.dwg,DEF,Maniquies/Generico/mujer_1_432x564x0mm.skp
mujer_2,MUJER 2,582,456,0,Maniquies,Generico,cad8.dwg,DEF,Maniquies/Generico/mujer_2_582x456x0mm.skp
modulo_qubo_simple_grafito_blanco_o_negro_de_a700_h1800mm_con_6_est_vidrio,Módulo Qubo simple grafito blanco o negro de A700 H1800mm con 6 est vidrio,770,669,2502,Modulos,Qubo,Todo_Mob.dwg,PDH,Modulos/Qubo/modulo_qubo_simple_grafito_blanco_o_negro_de_a700_h1800mm_con_6_est_vidrio_770x669x2502mm.skp
nm98,NM98,471,572,0,Sin_clasificar,Generico,Cad10.dwg,INS,Sin_clasificar/Generico/nm98_471x572x0mm.skp
nngfhnfg,NNGFHNFG,665,768,0,Sin_clasificar,Generico,cad2.dwg,DEF,Sin_clasificar/Generico/nngfhnfg_665x768x0mm.skp
pantalla_plana_con_soporte,Pantalla plana con soporte,486,502,0,Tecnologia,Generico,cad8.dwg,DEF,Tecnologia/Generico/pantalla_plana_con_soporte_486x502x0mm.skp
pantll,pantll,466,145,0,Sin_clasificar,Generico,Cad10.dwg,DEF,Sin_clasificar/Generico/pantll_466x145x0mm.skp
pfghkfg,PFGHKFG,575,975,0,Sin_clasificar,Generico,Cad5.dwg,DEF,Sin_clasificar/Generico/pfghkfg_575x975x0mm.skp
pl_cruceta_sin_cruceta_est_cristl_700,Pl. Cruceta Sin cruceta est. cristl 700,770,532,0,Modulos,Generico,cad4.dwg,DEF,Modulos/Generico/pl_cruceta_sin_cruceta_est_cristl_700_770x532x0mm.skp
pl_cruceta_sin_cruceta_est_cristl_800,Pl. Cruceta Sin cruceta est. cristl 800,870,532,0,Modulos,Generico,cad4.dwg,DEF,Modulos/Generico/pl_cruceta_sin_cruceta_est_cristl_800_870x532x0mm.skp
planta_buc_info,pLANTA BUC INFO,598,1437,0,Calaixeras,Generico,cad1.dwg,DEF,Calaixeras/Generico/planta_buc_info_598x1437x0mm.skp
planta_cartela_central_4631_0on_graphito,planta cartela central 4631-0ON graphito,30,300,0,Cartelas,Generico,Cad10.dwg,INS,Cartelas/Generico/planta_cartela_central_4631_0on_graphito_30x300x0mm.skp
planta_dado_a_techo_est_crist_800,Planta Dado a techo Est. crist 800,893,669,0,Modulos,Dado,Cad10.dwg,INS,Modulos/Dado/planta_dado_a_techo_est_crist_800_893x669x0mm.skp
planta_expo_kubic,Planta Expo Cubik,350,605,0,Modulos,Kubic,Cad10.dwg,DEF,Modulos/Kubic/planta_expo_kubic_350x605x0mm.skp
planta_expo_kubic_jb,Planta Expo Kubic JB,350,605,0,Modulos,Kubic,Cad5.dwg,INS,Modulos/Kubic/planta_expo_kubic_jb_350x605x0mm.skp
planta_forro_kubic_liso,Planta forro kubic liso,1048,670,0,Modulos,Kubic,cad2.dwg,DEF,Modulos/Kubic/planta_forro_kubic_liso_1048x670x0mm.skp
planta_go_qubo_doble_est_crist_700,Planta Go Kubo Doble Est. crist. 700,1510,532,0,Modulos,Qubo,cad8.dwg,DEF,Modulos/Qubo/planta_go_qubo_doble_est_crist_700_1510x532x0mm.skp
planta_go_qubo_doble_est_crist_800,Planta Go Kubo doble Est. crist. 800,1710,532,0,Modulos,Qubo,cad2.dwg,DEF,Modulos/Qubo/planta_go_qubo_doble_est_crist_800_1710x532x0mm.skp
planta_go_qubo_est_crist_700,Planta Go Kubo Est. crist. 700,770,532,0,Modulos,Qubo,cad8.dwg,DEF,Modulos/Qubo/planta_go_qubo_est_crist_700_770x532x0mm.skp
planta_go_qubo_est_crist_800,Planta Go Kubo Est. crist. 800,870,532,0,Modulos,Qubo,cad2.dwg,DEF,Modulos/Qubo/planta_go_qubo_est_crist_800_870x532x0mm.skp
planta_guia_de_800,planta guia de 800,810,272,0,Sin_clasificar,Generico,cad1.dwg,DEF,Sin_clasificar/Generico/planta_guia_de_800_810x272x0mm.skp
planta_gondola_doble_a_una_cara,Planta Góndola Doble a una cara,2078,928,0,Gondolas,Gondola,cad4.dwg,DEF,Gondolas/Gondola/planta_gondola_doble_a_una_cara_2078x928x0mm.skp
planta_gondola_simple_a_una_cara,Planta Góndola Simple a una cara,1082,928,0,Gondolas,Gondola,Cad7.dwg,DEF,Gondolas/Gondola/planta_gondola_simple_a_una_cara_1082x928x0mm.skp
planta_gondola_simple_una_cara_de_800,Planta Gónola Simple una cara de 800,892,928,0,Gondolas,Gondola,Cad7.dwg,DEF,Gondolas/Gondola/planta_gondola_simple_una_cara_de_800_892x928x0mm.skp
planta_imac_jb,Planta Imac JB,396,157,0,Tecnologia,Generico,Cad10.dwg,DEF,Tecnologia/Generico/planta_imac_jb_396x157x0mm.skp
planta_imac_jb_2020,Planta Imac JB 2020,396,157,0,Tecnologia,Generico,Cad5.dwg,INS,Tecnologia/Generico/planta_imac_jb_2020_396x157x0mm.skp
planta_qubo_doble_est_crist_700,Planta Kubo Doble Est. Crist. 700,1510,532,0,Modulos,Qubo,cad8.dwg,DEF,Modulos/Qubo/planta_qubo_doble_est_crist_700_1510x532x0mm.skp
planta_qubo_doble_est_crist_800,Planta Kubo Doble Est. Crist. 800,1710,532,0,Modulos,Qubo,cad8.dwg,INS,Modulos/Qubo/planta_qubo_doble_est_crist_800_1710x532x0mm.skp
planta_qubo_simple_est_crist_700,Planta Kubo Simple Est. Crist. 700,770,532,0,Modulos,Qubo,cad8.dwg,INS,Modulos/Qubo/planta_qubo_simple_est_crist_700_770x532x0mm.skp
planta_qubo_simple_est_crist_800,Planta Kubo Simple Est. Crist. 800,870,532,0,Modulos,Qubo,cad8.dwg,DEF,Modulos/Qubo/planta_qubo_simple_est_crist_800_870x532x0mm.skp
planta_lite_700_est_crist,Planta Lite 700 est crist,730,645,0,Modulos,Lite,cad2.dwg,DEF,Modulos/Lite/planta_lite_700_est_crist_730x645x0mm.skp
planta_lite_800_est_crist,Planta Lite 800 est crist,830,645,0,Modulos,Lite,cad2.dwg,DEF,Modulos/Lite/planta_lite_800_est_crist_830x645x0mm.skp
planta_marble,Planta Marble,905,1437,0,Sin_clasificar,Marble,cad8.dwg,INS,Sin_clasificar/Marble/planta_marble_905x1437x0mm.skp
planta_marble_doble,Planta Marble doble,1772,1437,0,Sin_clasificar,Marble,cad8.dwg,INS,Sin_clasificar/Marble/planta_marble_doble_1772x1437x0mm.skp
planta_peana_met_400x400,Planta Peana met. 400x400,400,400,0,Peanas,Generico,cad4.dwg,DEF,Peanas/Generico/planta_peana_met_400x400_400x400x0mm.skp
planta_peana_met_600x600,Planta peana met. 600x600,600,600,0,Peanas,Generico,cad4.dwg,DEF,Peanas/Generico/planta_peana_met_600x600_600x600x0mm.skp
planta_poste_60x30_amb_cartela_lateral_detallada_jb_2015,Planta Poste 60x30 amb cartela lateral Detallada JB 2015,42,167,0,Cartelas,Generico,Cad10.dwg,DEF,Cartelas/Generico/planta_poste_60x30_amb_cartela_lateral_detallada_jb_2015_42x167x0mm.skp
visio_solo_poste_800,Planta sólo poste 30x30 800 prestatge de vidre,836,644,0,Modulos,Visio,cad4.dwg,DEF,Modulos/Visio/visio_solo_poste_800_836x644x0mm.skp
visio_solo_poste_990,Planta sólo poste 30x30 990 prestatge de vidre,1026,644,3000,Modulos,Visio,cad4.dwg,DEF,Modulos/Visio/visio_solo_poste_990_1026x644x3000mm.skp
visio_solo_poste_especial,Planta sólo poste 30x30 especial prestatge de vidre,536,334,0,Modulos,Visio,cad4.dwg,DEF,Modulos/Visio/visio_solo_poste_especial_536x334x0mm.skp
planta_teclat_ratoli_2020_jb,Planta teclat + ratoli 2020 JB,472,112,0,Tecnologia,Generico,cad1.dwg,DEF,Tecnologia/Generico/planta_teclat_ratoli_2020_jb_472x112x0mm.skp
planta_teclat_imac_jb,Planta Teclat Imac JB,399,105,0,Tecnologia,Generico,Cad10.dwg,DEF,Tecnologia/Generico/planta_teclat_imac_jb_399x105x0mm.skp
planta_trasera_800_prestatge_vidre_jb_2021,Planta trasera 800 prestages vidre JB 2021,818,699,0,Estanterias,Prestatge,Cad10.dwg,INS,Estanterias/Prestatge/planta_trasera_800_prestatge_vidre_jb_2021_818x699x0mm.skp
planta_trasera_990_prestatge_vidre_jb_2021,Planta trasera 990 prestages vidre JB 2021,1008,699,0,Estanterias,Prestatge,Cad10.dwg,INS,Estanterias/Prestatge/planta_trasera_990_prestatge_vidre_jb_2021_1008x699x0mm.skp
plata_espera,Plata espera,1000,500,0,Sin_clasificar,Generico,cad8.dwg,DEF,Sin_clasificar/Generico/plata_espera_1000x500x0mm.skp
pm202304080953,PM202304080953,990,3267,0,Sin_clasificar,Generico,Todo_Mob.dwg,STD,Sin_clasificar/Generico/pm202304080953_990x3267x0mm.skp
pm202304131554,PM202304131554,300,8,0,Sin_clasificar,Generico,Todo_Mob.dwg,STD,Sin_clasificar/Generico/pm202304131554_300x8x0mm.skp
pm202305021054,PM202305021054,996,3267,0,Sin_clasificar,Generico,Todo_Mob.dwg,STD,Sin_clasificar/Generico/pm202305021054_996x3267x0mm.skp
pm202306021152,PM202306021152,1072,3000,0,Sin_clasificar,Generico,Todo_Mob.dwg,STD,Sin_clasificar/Generico/pm202306021152_1072x3000x0mm.skp
pm202306021231,PM202306021231,1026,770,0,Sin_clasificar,Generico,Todo_Mob.dwg,STD,Sin_clasificar/Generico/pm202306021231_1026x770x0mm.skp
pm202306021242,PM202306021242,996,2442,0,Sin_clasificar,Generico,Todo_Mob.dwg,STD,Sin_clasificar/Generico/pm202306021242_996x2442x0mm.skp
pm202306021256,PM202306021256,1072,2205,0,Sin_clasificar,Generico,Todo_Mob.dwg,STD,Sin_clasificar/Generico/pm202306021256_1072x2205x0mm.skp
pm202306021306,PM202306021306,998,80,0,Sin_clasificar,Generico,Todo_Mob.dwg,STD,Sin_clasificar/Generico/pm202306021306_998x80x0mm.skp
pm202306021327,PM202306021327,1200,3400,0,Sin_clasificar,Generico,Todo_Mob.dwg,STD,Sin_clasificar/Generico/pm202306021327_1200x3400x0mm.skp
pm202306021343,PM202306021343,996,2437,0,Sin_clasificar,Generico,Todo_Mob.dwg,STD,Sin_clasificar/Generico/pm202306021343_996x2437x0mm.skp
pm202306021349,PM202306021349,1072,2200,0,Sin_clasificar,Generico,Todo_Mob.dwg,STD,Sin_clasificar/Generico/pm202306021349_1072x2200x0mm.skp
pm202306061353,PM202306061353,99,28,0,Sin_clasificar,Generico,Todo_Mob.dwg,STD,Sin_clasificar/Generico/pm202306061353_99x28x0mm.skp
pm202306061620,PM202306061620,1072,509,0,Sin_clasificar,Generico,Todo_Mob.dwg,STD,Sin_clasificar/Generico/pm202306061620_1072x509x0mm.skp
pm202306061621,PM202306061621,1072,498,0,Sin_clasificar,Generico,Todo_Mob.dwg,STD,Sin_clasificar/Generico/pm202306061621_1072x498x0mm.skp
pm202306071209,PM202306071209,1072,3282,0,Sin_clasificar,Generico,Todo_Mob.dwg,STD,Sin_clasificar/Generico/pm202306071209_1072x3282x0mm.skp
pm202306081325,PM202306081325,1072,751,0,Sin_clasificar,Generico,Todo_Mob.dwg,STD,Sin_clasificar/Generico/pm202306081325_1072x751x0mm.skp
pm202306081326,PM202306081326,1072,770,0,Sin_clasificar,Generico,Todo_Mob.dwg,STD,Sin_clasificar/Generico/pm202306081326_1072x770x0mm.skp
pm202306091220,PM202306091220,1008,55,0,Sin_clasificar,Generico,Todo_Mob.dwg,STD,Sin_clasificar/Generico/pm202306091220_1008x55x0mm.skp
pm202306091225,PM202306091225,1060,2502,0,Sin_clasificar,Generico,Todo_Mob.dwg,STD,Sin_clasificar/Generico/pm202306091225_1060x2502x0mm.skp
pm202306091232_1,PM202306091232 1,1060,669,0,Sin_clasificar,Generico,Todo_Mob.dwg,STD,Sin_clasificar/Generico/pm202306091232_1_1060x669x0mm.skp
pm202306091252,PM202306091252,1056,3282,0,Sin_clasificar,Generico,Todo_Mob.dwg,STD,Sin_clasificar/Generico/pm202306091252_1056x3282x0mm.skp
pm202306091254,PM202306091254,946,3282,0,Sin_clasificar,Generico,Todo_Mob.dwg,STD,Sin_clasificar/Generico/pm202306091254_946x3282x0mm.skp
pm202306091255,PM202306091255,1758,3282,0,Sin_clasificar,Generico,Todo_Mob.dwg,STD,Sin_clasificar/Generico/pm202306091255_1758x3282x0mm.skp
pm202306091257,PM202306091257,1026,721,0,Sin_clasificar,Generico,Cad5.dwg,DEF,Sin_clasificar/Generico/pm202306091257_1026x721x0mm.skp
pm202306201459,PM202306201459,1066,2502,0,Sin_clasificar,Generico,Todo_Mob.dwg,STD,Sin_clasificar/Generico/pm202306201459_1066x2502x0mm.skp
pm202306201506,PM202306201506,1060,679,0,Sin_clasificar,Generico,Todo_Mob.dwg,STD,Sin_clasificar/Generico/pm202306201506_1060x679x0mm.skp
pm202306201507,PM202306201507,1060,674,0,Sin_clasificar,Generico,Todo_Mob.dwg,STD,Sin_clasificar/Generico/pm202306201507_1060x674x0mm.skp
pm202307261023,PM202307261023,1088,3282,0,Sin_clasificar,Generico,Todo_Mob.dwg,STD,Sin_clasificar/Generico/pm202307261023_1088x3282x0mm.skp
pm202307261025,PM202307261025,1088,670,0,Sin_clasificar,Generico,Todo_Mob.dwg,STD,Sin_clasificar/Generico/pm202307261025_1088x670x0mm.skp
pm202307271120_1,PM202307271120 1,996,589,0,Sin_clasificar,Generico,cad3.dwg,DEF,Sin_clasificar/Generico/pm202307271120_1_996x589x0mm.skp
pm202307271121_1,PM202307271121 1,996,849,0,Sin_clasificar,Generico,cad3.dwg,DEF,Sin_clasificar/Generico/pm202307271121_1_996x849x0mm.skp
pm202307271122_1,PM202307271122 1,996,1049,0,Sin_clasificar,Generico,cad3.dwg,DEF,Sin_clasificar/Generico/pm202307271122_1_996x1049x0mm.skp
pm202307271123_1,PM202307271123 1,996,1249,0,Sin_clasificar,Generico,cad3.dwg,DEF,Sin_clasificar/Generico/pm202307271123_1_996x1249x0mm.skp
pm202307271235,PM202307271235,1026,1173,0,Sin_clasificar,Generico,Todo_Mob.dwg,STD,Sin_clasificar/Generico/pm202307271235_1026x1173x0mm.skp
pm202307281026,PM202307281026,3650,3000,0,Sin_clasificar,Generico,Todo_Mob.dwg,STD,Sin_clasificar/Generico/pm202307281026_3650x3000x0mm.skp
pm202307281029,PM202307281029,700,1729,0,Sin_clasificar,Generico,Todo_Mob.dwg,STD,Sin_clasificar/Generico/pm202307281029_700x1729x0mm.skp
pm202307281050,PM202307281050,300,117,0,Sin_clasificar,Generico,cad6.dwg,INS,Sin_clasificar/Generico/pm202307281050_300x117x0mm.skp
pm202307281053,PM202307281053,478,605,0,Sin_clasificar,Generico,cad6.dwg,DEF,Sin_clasificar/Generico/pm202307281053_478x605x0mm.skp
pm202307281306,PM202307281306,1088,2525,0,Sin_clasificar,Generico,Todo_Mob.dwg,STD,Sin_clasificar/Generico/pm202307281306_1088x2525x0mm.skp
pm202308021515_1,PM202308021515 1,1000,139,0,Sin_clasificar,Generico,Todo_Mob.dwg,STD,Sin_clasificar/Generico/pm202308021515_1_1000x139x0mm.skp
pm202308021642,PM202308021642,341,83,0,Sin_clasificar,Generico,Todo_Mob.dwg,STD,Sin_clasificar/Generico/pm202308021642_341x83x0mm.skp
pm202308040852,PM202308040852,990,2160,0,Sin_clasificar,Generico,Todo_Mob.dwg,STD,Sin_clasificar/Generico/pm202308040852_990x2160x0mm.skp
pm202308040925,PM202308040925,996,83,0,Sin_clasificar,Generico,Todo_Mob.dwg,STD,Sin_clasificar/Generico/pm202308040925_996x83x0mm.skp
pm202308041131,PM202308041131,1036,3000,0,Sin_clasificar,Generico,Todo_Mob.dwg,STD,Sin_clasificar/Generico/pm202308041131_1036x3000x0mm.skp
pm202308070909,PM202308070909,1026,850,0,Sin_clasificar,Generico,Todo_Mob.dwg,STD,Sin_clasificar/Generico/pm202308070909_1026x850x0mm.skp
pm202308081455,PM202308081455,1072,3015,0,Sin_clasificar,Generico,Todo_Mob.dwg,STD,Sin_clasificar/Generico/pm202308081455_1072x3015x0mm.skp
pm202308081458,PM202308081458,1072,479,0,Sin_clasificar,Generico,Todo_Mob.dwg,STD,Sin_clasificar/Generico/pm202308081458_1072x479x0mm.skp
pm202308081555,PM202308081555,1203,3400,0,Sin_clasificar,Generico,Todo_Mob.dwg,STD,Sin_clasificar/Generico/pm202308081555_1203x3400x0mm.skp
pm202308081702,PM202308081702,990,1910,0,Sin_clasificar,Generico,Todo_Mob.dwg,STD,Sin_clasificar/Generico/pm202308081702_990x1910x0mm.skp
pm202308091118,PM202308091118,1072,3005,0,Sin_clasificar,Generico,Todo_Mob.dwg,STD,Sin_clasificar/Generico/pm202308091118_1072x3005x0mm.skp
pm202308091222,PM202308091222,76,3000,0,Sin_clasificar,Generico,Todo_Mob.dwg,STD,Sin_clasificar/Generico/pm202308091222_76x3000x0mm.skp
pm202308091317_1,PM202308091317 1,5036,3000,0,Sin_clasificar,Generico,Todo_Mob.dwg,STD,Sin_clasificar/Generico/pm202308091317_1_5036x3000x0mm.skp
pm202308091507,PM202308091507,1060,2220,0,Sin_clasificar,Generico,Todo_Mob.dwg,STD,Sin_clasificar/Generico/pm202308091507_1060x2220x0mm.skp
pm202308111158,PM202308111158,1072,2482,0,Sin_clasificar,Generico,Todo_Mob.dwg,STD,Sin_clasificar/Generico/pm202308111158_1072x2482x0mm.skp
pm202308140931,PM202308140931,2090,2502,0,Sin_clasificar,Generico,Todo_Mob.dwg,STD,Sin_clasificar/Generico/pm202308140931_2090x2502x0mm.skp
pm202308141549,PM202308141549,2090,669,0,Sin_clasificar,Generico,Todo_Mob.dwg,STD,Sin_clasificar/Generico/pm202308141549_2090x669x0mm.skp
pm202308141626,PM202308141626,1060,1502,0,Sin_clasificar,Generico,Todo_Mob.dwg,STD,Sin_clasificar/Generico/pm202308141626_1060x1502x0mm.skp
pm202308141628,PM202308141628,2090,1502,0,Sin_clasificar,Generico,Todo_Mob.dwg,STD,Sin_clasificar/Generico/pm202308141628_2090x1502x0mm.skp
pm202308161011,PM202308161011,1200,3600,0,Sin_clasificar,Generico,Todo_Mob.dwg,STD,Sin_clasificar/Generico/pm202308161011_1200x3600x0mm.skp
pm202308161201,PM202308161201,1060,3302,0,Sin_clasificar,Generico,Todo_Mob.dwg,STD,Sin_clasificar/Generico/pm202308161201_1060x3302x0mm.skp
pm202308161627,PM202308161627,1088,697,0,Sin_clasificar,Generico,Todo_Mob.dwg,STD,Sin_clasificar/Generico/pm202308161627_1088x697x0mm.skp
pm202308170910,PM202308170910,1088,2243,0,Sin_clasificar,Generico,Todo_Mob.dwg,STD,Sin_clasificar/Generico/pm202308170910_1088x2243x0mm.skp
pm202309280914,PM202309280914,1008,21,0,Sin_clasificar,Generico,Todo_Mob.dwg,STD,Sin_clasificar/Generico/pm202309280914_1008x21x0mm.skp
pm202309280915,PM202309280915,1008,30,0,Sin_clasificar,Generico,Todo_Mob.dwg,STD,Sin_clasificar/Generico/pm202309280915_1008x30x0mm.skp
pm202309280932,PM202309280932,1027,63,0,Sin_clasificar,Generico,Todo_Mob.dwg,STD,Sin_clasificar/Generico/pm202309280932_1027x63x0mm.skp
pm202309280933,PM202309280933,1027,74,0,Sin_clasificar,Generico,Todo_Mob.dwg,STD,Sin_clasificar/Generico/pm202309280933_1027x74x0mm.skp
pm202309280934,PM202309280934,1027,85,0,Sin_clasificar,Generico,Todo_Mob.dwg,STD,Sin_clasificar/Generico/pm202309280934_1027x85x0mm.skp
pm202309280936,PM202309280936,1027,1164,0,Sin_clasificar,Generico,Todo_Mob.dwg,STD,Sin_clasificar/Generico/pm202309280936_1027x1164x0mm.skp
pm202309281229,PM202309281229,1000,900,0,Sin_clasificar,Generico,Todo_Mob.dwg,STD,Sin_clasificar/Generico/pm202309281229_1000x900x0mm.skp
pm202309281230,PM202309281230,1000,200,0,Sin_clasificar,Generico,Todo_Mob.dwg,STD,Sin_clasificar/Generico/pm202309281230_1000x200x0mm.skp
pm202309281716,PM202309281716,1090,2500,0,Sin_clasificar,Generico,Todo_Mob.dwg,STD,Sin_clasificar/Generico/pm202309281716_1090x2500x0mm.skp
pm202309281720,PM202309281720,1090,669,0,Sin_clasificar,Generico,Todo_Mob.dwg,STD,Sin_clasificar/Generico/pm202309281720_1090x669x0mm.skp
pm202309290932,PM202309290932,1072,1173,0,Sin_clasificar,Generico,Todo_Mob.dwg,STD,Sin_clasificar/Generico/pm202309290932_1072x1173x0mm.skp
pm202310021600,PM202310021600,600,1882,0,Sin_clasificar,Generico,Todo_Mob.dwg,STD,Sin_clasificar/Generico/pm202310021600_600x1882x0mm.skp
pm202310021601,PM202310021601,800,519,0,Sin_clasificar,Generico,Todo_Mob.dwg,STD,Sin_clasificar/Generico/pm202310021601_800x519x0mm.skp
pm202310021604,PM202310021604,800,1882,0,Sin_clasificar,Generico,Todo_Mob.dwg,STD,Sin_clasificar/Generico/pm202310021604_800x1882x0mm.skp
pm202310021605,PM202310021605,1000,519,0,Sin_clasificar,Generico,Todo_Mob.dwg,STD,Sin_clasificar/Generico/pm202310021605_1000x519x0mm.skp
pm20231002558,PM20231002558,400,1882,0,Sin_clasificar,Generico,Todo_Mob.dwg,STD,Sin_clasificar/Generico/pm20231002558_400x1882x0mm.skp
pm20231002559,PM20231002559,600,519,0,Sin_clasificar,Generico,Todo_Mob.dwg,STD,Sin_clasificar/Generico/pm20231002559_600x519x0mm.skp
pm202310040921,PM202310040921,1357,1200,0,Sin_clasificar,Generico,Todo_Mob.dwg,STD,Sin_clasificar/Generico/pm202310040921_1357x1200x0mm.skp
pm202310040922,PM202310040922,1632,1200,0,Sin_clasificar,Generico,Todo_Mob.dwg,STD,Sin_clasificar/Generico/pm202310040922_1632x1200x0mm.skp
pm202310040924,PM202310040924,2353,1200,0,Sin_clasificar,Generico,Todo_Mob.dwg,STD,Sin_clasificar/Generico/pm202310040924_2353x1200x0mm.skp
pm202310040925,PM202310040925,2628,1200,0,Sin_clasificar,Generico,Todo_Mob.dwg,STD,Sin_clasificar/Generico/pm202310040925_2628x1200x0mm.skp
pm202310040926,PM202310040926,1082,1482,0,Sin_clasificar,Generico,Todo_Mob.dwg,STD,Sin_clasificar/Generico/pm202310040926_1082x1482x0mm.skp
pm202310040928,PM202310040928,1357,1482,0,Sin_clasificar,Generico,Todo_Mob.dwg,STD,Sin_clasificar/Generico/pm202310040928_1357x1482x0mm.skp
pm202310040929,PM202310040929,1632,1482,0,Sin_clasificar,Generico,Todo_Mob.dwg,STD,Sin_clasificar/Generico/pm202310040929_1632x1482x0mm.skp
pm202310040930,PM202310040930,2078,1482,0,Sin_clasificar,Generico,Todo_Mob.dwg,STD,Sin_clasificar/Generico/pm202310040930_2078x1482x0mm.skp
pm202310040932,PM202310040932,2353,1482,0,Sin_clasificar,Generico,Todo_Mob.dwg,STD,Sin_clasificar/Generico/pm202310040932_2353x1482x0mm.skp
pm202310040933,PM202310040933,2628,1482,0,Sin_clasificar,Generico,Todo_Mob.dwg,STD,Sin_clasificar/Generico/pm202310040933_2628x1482x0mm.skp
pm202310040934,PM202310040934,1082,1782,0,Sin_clasificar,Generico,Todo_Mob.dwg,STD,Sin_clasificar/Generico/pm202310040934_1082x1782x0mm.skp
pm202310040936,PM202310040936,1357,1782,0,Sin_clasificar,Generico,Todo_Mob.dwg,STD,Sin_clasificar/Generico/pm202310040936_1357x1782x0mm.skp
pm202310040937,PM202310040937,1632,1782,0,Sin_clasificar,Generico,Todo_Mob.dwg,STD,Sin_clasificar/Generico/pm202310040937_1632x1782x0mm.skp
pm202310040938,PM202310040938,2078,1782,0,Sin_clasificar,Generico,Todo_Mob.dwg,STD,Sin_clasificar/Generico/pm202310040938_2078x1782x0mm.skp
pm202310040940,PM202310040940,2353,1782,0,Sin_clasificar,Generico,Todo_Mob.dwg,STD,Sin_clasificar/Generico/pm202310040940_2353x1782x0mm.skp
pm202310040941,PM202310040941,2628,1782,0,Sin_clasificar,Generico,Todo_Mob.dwg,STD,Sin_clasificar/Generico/pm202310040941_2628x1782x0mm.skp
pm202310040942,PM202310040942,1082,1982,0,Sin_clasificar,Generico,Todo_Mob.dwg,STD,Sin_clasificar/Generico/pm202310040942_1082x1982x0mm.skp
pm202310041129,PM202310041129,1357,1982,0,Sin_clasificar,Generico,Todo_Mob.dwg,STD,Sin_clasificar/Generico/pm202310041129_1357x1982x0mm.skp
pm202310041130,PM202310041130,1632,1982,0,Sin_clasificar,Generico,Todo_Mob.dwg,STD,Sin_clasificar/Generico/pm202310041130_1632x1982x0mm.skp
pm202310041131,PM202310041131,2078,1982,0,Sin_clasificar,Generico,Todo_Mob.dwg,STD,Sin_clasificar/Generico/pm202310041131_2078x1982x0mm.skp
pm202310041133,PM202310041133,2353,1982,0,Sin_clasificar,Generico,Todo_Mob.dwg,STD,Sin_clasificar/Generico/pm202310041133_2353x1982x0mm.skp
pm202310041134,PM202310041134,2628,1982,0,Sin_clasificar,Generico,Todo_Mob.dwg,STD,Sin_clasificar/Generico/pm202310041134_2628x1982x0mm.skp
pm202310041320,PM202310041320,60,56,0,Sin_clasificar,Generico,Todo_Mob.dwg,STD,Sin_clasificar/Generico/pm202310041320_60x56x0mm.skp
pm202310041529,PM202310041529,990,996,0,Sin_clasificar,Generico,Todo_Mob.dwg,STD,Sin_clasificar/Generico/pm202310041529_990x996x0mm.skp
pm202310041531,PM202310041531,990,1196,0,Sin_clasificar,Generico,Todo_Mob.dwg,STD,Sin_clasificar/Generico/pm202310041531_990x1196x0mm.skp
pm202310041533,PM202310041533,990,1496,0,Sin_clasificar,Generico,Todo_Mob.dwg,STD,Sin_clasificar/Generico/pm202310041533_990x1496x0mm.skp
pm202310041536,PM202310041536,998,1496,0,Sin_clasificar,Generico,Todo_Mob.dwg,STD,Sin_clasificar/Generico/pm202310041536_998x1496x0mm.skp
pm202310050848,PM202310050848,1060,969,0,Sin_clasificar,Generico,Todo_Mob.dwg,STD,Sin_clasificar/Generico/pm202310050848_1060x969x0mm.skp
pm202310050850,PM202310050850,2090,969,0,Sin_clasificar,Generico,Todo_Mob.dwg,STD,Sin_clasificar/Generico/pm202310050850_2090x969x0mm.skp
pm202310051125,PM202310051125,3060,2502,0,Sin_clasificar,Generico,Todo_Mob.dwg,STD,Sin_clasificar/Generico/pm202310051125_3060x2502x0mm.skp
pm202310051150,PM202310051150,1211,3600,0,Sin_clasificar,Generico,Todo_Mob.dwg,STD,Sin_clasificar/Generico/pm202310051150_1211x3600x0mm.skp
pm202310051210,PM202310051210,2090,3302,0,Sin_clasificar,Generico,Todo_Mob.dwg,STD,Sin_clasificar/Generico/pm202310051210_2090x3302x0mm.skp
pm202310051339,PM202310051339,1088,696,0,Sin_clasificar,Generico,Todo_Mob.dwg,STD,Sin_clasificar/Generico/pm202310051339_1088x696x0mm.skp
pm202312011028,PM202312011028,1072,800,0,Sin_clasificar,Generico,Todo_Mob.dwg,STD,Sin_clasificar/Generico/pm202312011028_1072x800x0mm.skp
pm202312011049_1,PM202312011049 1,1072,781,0,Sin_clasificar,Generico,Todo_Mob.dwg,STD,Sin_clasificar/Generico/pm202312011049_1_1072x781x0mm.skp
pm202401161506,PM202401161506,2521,1392,0,Sin_clasificar,Generico,Cad10.dwg,DEF,Sin_clasificar/Generico/pm202401161506_2521x1392x0mm.skp
pm202401161511,PM202401161511,1500,1181,0,Sin_clasificar,Generico,Cad10.dwg,DEF,Sin_clasificar/Generico/pm202401161511_1500x1181x0mm.skp
pm202401230955,PM202401230955,1000,430,0,Sin_clasificar,Generico,Todo_Mob.dwg,STD,Sin_clasificar/Generico/pm202401230955_1000x430x0mm.skp
pm202401241646,PM202401241646,2090,979,0,Sin_clasificar,Generico,Todo_Mob.dwg,STD,Sin_clasificar/Generico/pm202401241646_2090x979x0mm.skp
pm202401301632,PM202401301632,990,2442,0,Sin_clasificar,Generico,Todo_Mob.dwg,STD,Sin_clasificar/Generico/pm202401301632_990x2442x0mm.skp
poste_cartela_generic,poste-cartela generic,41,223,0,Cartelas,Generico,Cad10.dwg,DEF,Cartelas/Generico/poste_cartela_generic_41x223x0mm.skp
poste_cartela_gondola_generic,poste-cartela góndola generic,42,167,0,Cartelas,Gondola,Cad10.dwg,DEF,Cartelas/Gondola/poste_cartela_gondola_generic_42x167x0mm.skp
puerta_abatible_d,puerta abatible D,1543,1543,0,Portes,Generico,cad1.dwg,DEF,Portes/Generico/puerta_abatible_d_1543x1543x0mm.skp
puerta_automatica,Puerta Automatica,2820,87,0,Portes,Generico,cad1.dwg,DEF,Portes/Generico/puerta_automatica_2820x87x0mm.skp
puerta_corr_vidrio,puerta corr vidrio,1500,90,0,Portes,Generico,cad1.dwg,DEF,Portes/Generico/puerta_corr_vidrio_1500x90x0mm.skp
puerta_corredera_d,Puerta Corredera D,1500,90,0,Portes,Generico,cad1.dwg,DEF,Portes/Generico/puerta_corredera_d_1500x90x0mm.skp
qubo_doble_a900_h2200_est_vidrio_planta,Qubo doble A900 H2200 est vidrio Planta,1910,669,0,Modulos,Qubo,cad1.dwg,INS,Modulos/Qubo/qubo_doble_a900_h2200_est_vidrio_planta_1910x669x0mm.skp
qubo_simple_700_1800_4_est_vidrio,Qubo simple 700 1800 4 est vidrio,770,0,2502,Modulos,Qubo,Todo_Mob.dwg,PDH,Modulos/Qubo/qubo_simple_700_1800_4_est_vidrio_770x0x2502mm.skp
qubo_simple_700_atl_1800_6_est_vidrio,Qubo simple 700 Atl 1800 6 est vidrio,870,669,0,Modulos,Qubo,Todo_Mob.dwg,PD,Modulos/Qubo/qubo_simple_700_atl_1800_6_est_vidrio_870x669x0mm.skp
r32,R32,570,570,0,Sin_clasificar,Generico,Cad5.dwg,INS,Sin_clasificar/Generico/r32_570x570x0mm.skp
riee987er,RIEE987ER,591,846,0,Sin_clasificar,Generico,Cad10.dwg,INS,Sin_clasificar/Generico/riee987er_591x846x0mm.skp
rstjrsj,rstjrsj,341,420,0,Sin_clasificar,Generico,Cad5.dwg,DEF,Sin_clasificar/Generico/rstjrsj_341x420x0mm.skp
rtyjrsj,rtyjrsj,343,420,0,Sin_clasificar,Generico,Cad5.dwg,DEF,Sin_clasificar/Generico/rtyjrsj_343x420x0mm.skp
ryjsrjrsjrsj,ryjsrjrsjrsj,123,154,0,Sin_clasificar,Generico,Cad5.dwg,DEF,Sin_clasificar/Generico/ryjsrjrsjrsj_123x154x0mm.skp
salida_robot_2011,salida_robot_2011,390,390,0,Robots,Generico,cad2.dwg,DEF,Robots/Generico/salida_robot_2011_390x390x0mm.skp
silla_abaka_kabi,silla abaka kabi,500,489,0,Sillas,Generico,Cad5.dwg,DEF,Sillas/Generico/silla_abaka_kabi_500x489x0mm.skp
silla_azul_pequena,SILLA AZUL PEQUEÑA,411,400,398,Sillas,Generico,cad6.dwg,DEF,Sillas/Generico/silla_azul_pequena_411x400x398mm.skp
silla_oficina,silla oficina,463,555,0,Sillas,Generico,cad1.dwg,INS,Sillas/Generico/silla_oficina_463x555x0mm.skp
silla_ruedas,silla ruedas,690,1040,0,Sillas,Generico,Cad5.dwg,INS,Sillas/Generico/silla_ruedas_690x1040x0mm.skp
sofa_3p_2,sofa 3p 2,2350,860,0,Sofas,Generico,Cad7.dwg,DEF,Sofas/Generico/sofa_3p_2_2350x860x0mm.skp
sofa_3p_3,sofa 3p 3,1800,750,0,Sofas,Generico,Cad7.dwg,DEF,Sofas/Generico/sofa_3p_3_1800x750x0mm.skp
tapa_pasa_cable_planta_60mm_planta_jb,Tapa Pasa-Cable Planta 60mm. Planta JB,72,72,0,Forros,Generico,cad1.dwg,DEF,Forros/Generico/tapa_pasa_cable_planta_60mm_planta_jb_72x72x0mm.skp
tapa_pasacables,Tapa pasacables,72,72,0,Forros,Generico,cad8.dwg,DEF,Forros/Generico/tapa_pasacables_72x72x0mm.skp
tx2_125_5,TX2-125-5,2234,2280,0,Sin_clasificar,TX2,cad3.dwg,INS,Sin_clasificar/TX2/tx2_125_5_2234x2280x0mm.skp
visio_poste_visto_800,Visio Poste Visto Ancho 800 Alto 3000mm con 6 est vidrio 30x30 planta,836,751,0,Modulos,Visio,cad1.dwg,DEF,Modulos/Visio/visio_poste_visto_800_836x751x0mm.skp
visio_poste_visto_990,Visio Poste Visto Ancho 990 Alto 3000mm con 6 est vidrio 30x30 planta,1026,751,0,Modulos,Visio,cad1.dwg,DEF,Modulos/Visio/visio_poste_visto_990_1026x751x0mm.skp
visio_progresivo_800,Visio Progresivo Ancho 800 Alto 3000mm con 6 est vidrio planta,836,751,0,Modulos,Visio,cad3.dwg,DEF,Modulos/Visio/visio_progresivo_800_836x751x0mm.skp
visio_progresivo_990,Visio Progresivo Ancho 990 Alto 3000mm con 6 est vidrio planta,1026,751,0,Modulos,Visio,cad1.dwg,INS,Modulos/Visio/visio_progresivo_990_1026x751x0mm.skp
w45ujw4ju,w45ujw4ju,80,37,0,Sin_clasificar,Generico,Cad5.dwg,DEF,Sin_clasificar/Generico/w45ujw4ju_80x37x0mm.skp
warhawrhawrh,warhawrhawrh,64,80,0,Sin_clasificar,Generico,Cad5.dwg,DEF,Sin_clasificar/Generico/warhawrhawrh_64x80x0mm.skp
